<?xml version="1.0" encoding="UTF-8"?>
<beans xmlns="http://www.springframework.org/schema/beans"
	xmlns:xsi="http://www.w3.org/2001/XMLSchema-instance"
	xsi:schemaLocation="http://www.springframework.org/schema/beans http://www.springframework.org/schema/beans/spring-beans-4.3.xsd">
  <!-- DataSource cfg -->
  <bean id="drds"  class="org.springframework.jdbc.datasource.DriverManagerDataSource">
       <property name="driverClassName"  value="oracle.jdbc.driver.OracleDriver"/>
       <property name="url" value="jdbc:oracle:thin:@localhost:1521:xe"/>
       <property name="username" value="system"/>
       <property name="password"  value="manager"/>
  </bean>	
  <!-- DAO  cfg -->
  <bean id="stDAO"   class="com.nt.dao.StudentDAOImpl">
     <constructor-arg  ref="drds"/>
  </bean>
  <!-- Service cfg -->
  <bean id="stService"  class="com.nt.service.StudentServiceImpl">
       <constructor-arg  ref="stDAO"/>
  </bean>
  <!-- Controller cfg -->
  <bean id="controller"   class="com.nt.controller.MainController">
      <constructor-arg  ref="stService"/>
  </bean>
</beans>
