<?xml version="1.0" encoding="UTF-8"?>
<beans xmlns="http://www.springframework.org/schema/beans"
	xmlns:xsi="http://www.w3.org/2001/XMLSchema-instance"
	xmlns:context="http://www.springframework.org/schema/context"
	xsi:schemaLocation="http://www.springframework.org/schema/beans http://www.springframework.org/schema/beans/spring-beans-4.3.xsd
		http://www.springframework.org/schema/context http://www.springframework.org/schema/context/spring-context-4.3.xsd">
 <!-- Beans cfg -->
  <bean id="bk"   class="com.nt.beans.Book">
       <property name="bookId"  value="1001"/>
       <property name="bookName"  value="CRJ"/>
<!--        <property name="author"  value="HS"/> -->
  </bean>
  <bean id="st"   class="com.nt.beans.Student">
       <property name="sid"  value="101"/>
       <property name="sname"  value="raja"/>
     <!--   <property name="doj"  value="10/10/1993"/> -->
       <!-- <property name="book" ref="bk"/> -->
  </bean>
  
  <!-- BeanPostProcessor -->
   <!-- <bean class="org.springframework.beans.factory.annotation.RequiredAnnotationBeanPostProcessor"/>  -->
   <context:annotation-config/>
</beans>
