<?xml version="1.0" encoding="UTF-8"?>
<beans xmlns="http://www.springframework.org/schema/beans"
	xmlns:xsi="http://www.w3.org/2001/XMLSchema-instance"
	xsi:schemaLocation="http://www.springframework.org/schema/beans http://www.springframework.org/schema/beans/spring-beans-4.3.xsd">
    <!-- Service class cfg -->
   <bean id="bankService"  class="com.nt.beans.BankService">
        <replaced-method  name="calcSimpleIntrAmount"  replacer="irr">
              <arg-type>float</arg-type>
              <arg-type>float</arg-type>
       </replaced-method> 
   </bean>
   
   <!-- Method Replacer cfg -->
   <bean id="irr"   class="com.nt.replacer.IntrestRateReplacer">
           <property name="rate"  value="1.5f"/>
   </bean>
   
   
</beans>
