<?xml version="1.0" encoding="UTF-8"?>
<beans xmlns="http://www.springframework.org/schema/beans"
	xmlns:xsi="http://www.w3.org/2001/XMLSchema-instance"
	xsi:schemaLocation="http://www.springframework.org/schema/beans http://www.springframework.org/schema/beans/spring-beans-4.3.xsd">

   <!-- Handler Mapping cfg -->
      <bean id="suhm"  class="org.springframework.web.servlet.handler.SimpleUrlHandlerMapping">
         <property name="mappings">
            <props>
               <prop key="welcome.htm">shc</prop>
               <prop key="wish.htm">wmgc</prop>
               <prop key="about.htm">auc</prop>
               <prop key="contact.htm">cuc</prop>
            </props>
         </property>
      </bean>
      
      <!-- Handler/Controller classes cfg -->
      <bean id="shc"  class="com.nt.controller.ShowHomeController"/>
      <bean id="wmgc"  class="com.nt.controller.WishMessageGenerator"/>
      <bean id="auc"  class="com.nt.controller.AboutUsController"/>
      <bean id="cuc"  class="com.nt.controller.ContactUsController"/>
      
      <!-- View Resolver Cfg -->
      <bean id="irvr"  class="org.springframework.web.servlet.view.InternalResourceViewResolver">
          <property name="prefix" value="/WEB-INF/pages/"/>
          <property name="suffix"  value=".jsp"/>
      </bean>
      
      

</beans>
