<?xml version="1.0" encoding="UTF-8"?>
<beans xmlns="http://www.springframework.org/schema/beans"
	xmlns:xsi="http://www.w3.org/2001/XMLSchema-instance"
	xsi:schemaLocation="http://www.springframework.org/schema/beans http://www.springframework.org/schema/beans/spring-beans-4.3.xsd">

   <!-- Handler Mapping cfg -->
      <bean id="suhm"  class="org.springframework.web.servlet.handler.SimpleUrlHandlerMapping">
         <property name="mappings">
            <props>
               <prop key="welcome.htm">pvc1</prop>
               <prop key="wish.htm">wmgc</prop>
               <prop key="about.htm">pvc2</prop>
               <prop key="contact.htm">pvc3</prop>
            </props>
         </property>
      </bean>
      
      <!-- Handler/Controller classes cfg -->
      <bean id="pvc1"  class="org.springframework.web.servlet.mvc.ParameterizableViewController">
          <property name="viewName"  value="home"/>
      </bean>
      <bean id="pvc2"  class="org.springframework.web.servlet.mvc.ParameterizableViewController">
          <property name="viewName"  value="about_us"/>
      </bean>
       <bean id="pvc3"  class="org.springframework.web.servlet.mvc.ParameterizableViewController">
          <property name="viewName"  value="contact_us"/>
      </bean>
      
      
      <bean id="wmgc"  class="com.nt.controller.WishMessageGenerator"/>
     
      
      <!-- View Resolver Cfg -->
      <bean id="irvr"  class="org.springframework.web.servlet.view.InternalResourceViewResolver">
          <property name="prefix" value="/WEB-INF/pages/"/>
          <property name="suffix"  value=".jsp"/>
      </bean>
      
      

</beans>
