<?xml version="1.0" encoding="UTF-8"?>
<beans default-autowire-candidates="tp*" xmlns="http://www.springframework.org/schema/beans"
	xmlns:xsi="http://www.w3.org/2001/XMLSchema-instance"
	xsi:schemaLocation="http://www.springframework.org/schema/beans http://www.springframework.org/schema/beans/spring-beans-4.3.xsd">
	
	<bean id="tp"  class="com.nt.beans.TourPlan"  >
	    <property name="isInsured"  value="true"/>
	   <property name="places">
	      <list>
	         <value>Goa</value>
	         <value>Vizag</value>
	         <value>Mumbai</value>
	         <value>Chennai</value>
	      </list>
	   </property>
	</bean>
	
	  <bean id="tp1"  class="com.nt.beans.TourPlan"   >
	   <property name="places">
	      <list>
	         <value>mahabhaleswar</value>
	         <value>ooty</value>
	         <value>Kodaikanal</value>
	         <value>Araku</value>
	      </list>
	   </property>
	</bean> 
	 
	<bean id="agent"    class="com.nt.beans.TravelAgent"  autowire="byName"  >
	    <constructor-arg ref="tp1"/>
	</bean>
	


</beans>
