<?xml version="1.0" encoding="UTF-8"?>
<beans xmlns="http://www.springframework.org/schema/beans"
	xmlns:xsi="http://www.w3.org/2001/XMLSchema-instance"
	xmlns:tx="http://www.springframework.org/schema/tx"
	xsi:schemaLocation="http://www.springframework.org/schema/beans http://www.springframework.org/schema/beans/spring-beans.xsd
		http://www.springframework.org/schema/tx http://www.springframework.org/schema/tx/spring-tx-4.3.xsd">
  <!-- Cfg Distributed Tx Service of Atomokis -->
  <bean id="dTx" class="com.atomikos.icatch.jta.UserTransactionImp">
     <property name="transactionTimeout" value="300"/>
  </bean>
  <!-- Cfg Distributed TxManager  of Atomokis -->
  <bean id="dTxMgmr" class="com.atomikos.icatch.jta.UserTransactionManager">
      <property name="forceShutdown" value="true"/>
  </bean>
  
  <!-- Cfg Jta TransactionManager -->
  <bean id="jtaTxMgmr"  class="org.springframework.transaction.jta.JtaTransactionManager">
      <property name="userTransaction"  ref="dTx"/>
      <property name="transactionManager"  ref="dTxMgmr"/>
  </bean>
  
  <tx:annotation-driven transaction-manager="jtaTxMgmr"/>

</beans>
