<?xml version="1.0" encoding="UTF-8"?>
<beans xmlns="http://www.springframework.org/schema/beans"
	xmlns:xsi="http://www.w3.org/2001/XMLSchema-instance"
	xmlns:context="http://www.springframework.org/schema/context"
	xsi:schemaLocation="http://www.springframework.org/schema/beans http://www.springframework.org/schema/beans/spring-beans.xsd
		http://www.springframework.org/schema/context http://www.springframework.org/schema/context/spring-context-4.3.xsd">
   <!-- XA DataSource obj pointing to Oracle JDBC con pool -->
	<bean id="oraXADs" class="com.atomikos.jdbc.AtomikosDataSourceBean" 	init-method="init" destroy-method="close">
		<property name="uniqueResourceName" value="XAOra" />
		<property name="xaDataSourceClassName" value="oracle.jdbc.xa.client.OracleXADataSource" />
		<property name="xaProperties">
			<props>
				<prop key="databaseName">xe</prop>
				<prop key="user">system</prop>
				<prop key="password">manager</prop>
				<prop key="URL">jdbc:oracle:thin:@localhost:1521:xe</prop>
			</props>
		</property>
		<property name="poolSize" value="10" />
	</bean>
   
    <!-- XA DataSource obj pointing to Mysql JDBC con pool -->
		<bean id="mysqlXADs" class="com.atomikos.jdbc.AtomikosDataSourceBean"
		init-method="init" destroy-method="close">
		<property name="uniqueResourceName" value="XAmysql" />
		<property name="xaDataSourceClassName"
			value="com.mysql.cj.jdbc.MysqlXADataSource" />
		<property name="xaProperties">
			<props>
				<prop key="databaseName">ntsp610DB</prop>
				<prop key="user">root</prop>
				<prop key="password">root</prop>
				<prop key="URL">jdbc:mysql:///ntsp610DB</prop>
			</props>
		</property>
		<property name="poolSize" value="10" />
	</bean>
	
	<!-- JdbcTemplate cfg for oracle -->
	<bean id="template1" class="org.springframework.jdbc.core.JdbcTemplate">
	   <constructor-arg  ref="oraXADs"/>
	</bean>
	
	<!-- JdbcTemplate cfg for mysql -->
	<bean id="template2" class="org.springframework.jdbc.core.JdbcTemplate">
	   <constructor-arg  ref="mysqlXADs"/>
	</bean>
	
	<context:component-scan base-package="com.nt.dao"/>
	
   

</beans>
