<?xml version="1.0" encoding="UTF-8"?>
<beans xmlns="http://www.springframework.org/schema/beans"
	xmlns:xsi="http://www.w3.org/2001/XMLSchema-instance"
	xsi:schemaLocation="http://www.springframework.org/schema/beans http://www.springframework.org/schema/beans/spring-beans-4.3.xsd">
  <!-- Handler mapping cfg -->
  <bean class="org.springframework.web.servlet.handler.SimpleUrlHandlerMapping">
      <property name="mappings">
          <props>
              <prop key="register.htm">rc</prop>
          </props>
      </property>
  </bean>
  
  <!-- Controller class cfg -->
  <bean id="rc"  class="com.nt.controller.RegistrationController">
         <property name="formView"  value="register"/>
         <property name="commandName" value="regCmd"/>
         <property name="commandClass"  value="com.nt.command.RegisterCommand"/>
  </bean>
  
  <!--  ViewResolver cfg -->
  <bean class="org.springframework.web.servlet.view.InternalResourceViewResolver">
       <property name="prefix"  value="/WEB-INF/pages/"/>
       <property name="suffix" value=".jsp"/>
  </bean>
</beans>
