<?xml version="1.0" encoding="UTF-8"?>
<beans xmlns="http://www.springframework.org/schema/beans"
	xmlns:xsi="http://www.w3.org/2001/XMLSchema-instance"
	xmlns:aop="http://www.springframework.org/schema/aop"
	xmlns:tx="http://www.springframework.org/schema/tx"
	xsi:schemaLocation="http://www.springframework.org/schema/beans http://www.springframework.org/schema/beans/spring-beans-3.2.xsd
		http://www.springframework.org/schema/aop http://www.springframework.org/schema/aop/spring-aop-3.2.xsd
		http://www.springframework.org/schema/tx http://www.springframework.org/schema/tx/spring-tx-3.2.xsd">
   
   <!-- DataSource Transactionmanager -->
   <bean id="dsTxMgmr"  class="org.springframework.jdbc.datasource.DataSourceTransactionManager">
       <property name="dataSource"  ref="ds"/>
   </bean>
   
   <!-- Enable Trsanction -->
   <tx:advice id="txAdvice"  transaction-manager="dsTxMgmr">
      <tx:attributes>
          <tx:method name="register" propagation="REQUIRED" read-only="false"/>
      </tx:attributes>
   </tx:advice>
   
   <aop:config>
   
     <aop:advisor advice-ref="txAdvice" pointcut="execution(* com.nt.service.CustomerServiceImpl.register(..))"/>
   
   </aop:config>
   

</beans>
