<?xml version="1.0" encoding="UTF-8"?>
<beans xmlns="http://www.springframework.org/schema/beans"
	xmlns:xsi="http://www.w3.org/2001/XMLSchema-instance"
	xsi:schemaLocation="http://www.springframework.org/schema/beans http://www.springframework.org/schema/beans/spring-beans-3.2.xsd">
	
	<!-- HandlerMapping cfgs -->
	<bean id="suhm"  class="org.springframework.web.servlet.handler.SimpleUrlHandlerMapping">
	    <property name="mappings">
	       <props>
	           <prop key="register.htm">crc</prop>
	       </props>
	    </property>
	</bean>
	 <!-- Contrller classes cfg -->
	  <bean id="crc"  class="com.nt.controller.CustomerRegistrationController">
	       <property name="formView"  value="register"/>
	       <property name="successView" value="result"/>
	       <property name="commandName"  value="custCmd"/>
	       <property name="commandClass" value="com.nt.command.CustomerCommand"/>
	       <property name="sessionForm" value="true"/>
	       <property name="validator" ref="custValidator"/>
	       <constructor-arg  ref="custService"/>
	  </bean>
	  
	  <!-- Validator class cfg -->
	  <bean id="custValidator"  class="com.nt.validator.CustomerRegistrationValidator"/>
	
	 
	 <!-- View Resolver cfg -->
	 <bean class="org.springframework.web.servlet.view.InternalResourceViewResolver">
	      <property name="prefix"  value="/WEB-INF/pages/"/>
	      <property name="suffix"  value=".jsp"/>
	 </bean>
	 
	 <!-- Properties file cfg -->
	 <bean id="messageSource"  class="org.springframework.context.support.ResourceBundleMessageSource">
	      <property name="basename"  value="com/nt/commons/errors"/>
	 </bean>


</beans>
