<?xml version="1.0" encoding="UTF-8"?>
<beans default-dependency-check="all" xmlns="http://www.springframework.org/schema/beans"
	xmlns:xsi="http://www.w3.org/2001/XMLSchema-instance"
	xsi:schemaLocation="http://www.springframework.org/schema/beans http://www.springframework.org/schema/beans/spring-beans-2.0.xsd">

<!-- Depedent Bean cfg -->
  <bean id="cm"  class="com.nt.beans.CourseMaterial">
      <property name="bookName"  value="Spring"/>
       <property name="pagesCount"  value="300"/> 
  </bean>
  <bean id="calendar" class="java.util.Calendar"  factory-method="getInstance"  dependency-check="none"/>
  <!-- Target Bean cfg -->
  <bean id="st"  class="com.nt.beans.Student"  dependency-check="default" >
      <property name="id" value="1001"/>
      <property name="name"  value="raja"/>
      <property name="addrs"  value="hyd"/>
    <!--   <property name="meterial" ref="cm"/> -->
      <property name="cal"  ref="calendar"/>
  </bean>
 
</beans>
