<?xml version="1.0" encoding="UTF-8"?>
<beans xmlns="http://www.springframework.org/schema/beans"
	xmlns:xsi="http://www.w3.org/2001/XMLSchema-instance"
	xsi:schemaLocation="http://www.springframework.org/schema/beans http://www.springframework.org/schema/beans/spring-beans-4.3.xsd">
    <bean id="bat"  class="com.nt.beans.CricketBat"/>
    
    <bean id="crtr1"  class="com.nt.beans.ProffesitionalCricketer">
        <property name="name"  value="kohli"/>
        <!--  <property name="beanId" value="bat1"/>  -->
        <property name="beanId">
           <idref  bean="bat"/>
        </property>
    </bean>
    

</beans>
