<?xml version="1.0" encoding="UTF-8"?>
<beans xmlns="http://www.springframework.org/schema/beans"
	xmlns:xsi="http://www.w3.org/2001/XMLSchema-instance"
	xsi:schemaLocation="http://www.springframework.org/schema/beans http://www.springframework.org/schema/beans/spring-beans-3.2.xsd">
	
	<!-- HandlerMapping cfgs -->
	<bean id="suhm"  class="org.springframework.web.servlet.handler.SimpleUrlHandlerMapping">
	    <property name="mappings">
	       <props>
	           <prop key="welcome.htm">pvc</prop>
	           <prop key="emps_search.htm">esc</prop>
	       </props>
	    </property>
	</bean>
	 <!-- Contrller classes cfg -->
	 <bean id="pvc"  class="org.springframework.web.servlet.mvc.ParameterizableViewController">
	     <property name="viewName"  value="search"/>
	 </bean>
	 <bean id="esc"  class="com.nt.controller.EmployeeSearchController">
	         <property name="commandName"  value="empCmd"/>
	         <property name="commandClass" value="com.nt.command.EmployeeCommand"/>
             <constructor-arg  ref="empService"/>	         
	 </bean>
	 
	 <!-- View Resolver cfg -->
	 <bean class="org.springframework.web.servlet.view.InternalResourceViewResolver">
	      <property name="prefix"  value="/WEB-INF/pages/"/>
	      <property name="suffix"  value=".jsp"/>
	 </bean>


</beans>
