<?xml version="1.0" encoding="UTF-8"?>
<beans xmlns="http://www.springframework.org/schema/beans"
	xmlns:xsi="http://www.w3.org/2001/XMLSchema-instance"
	xmlns:tx="http://www.springframework.org/schema/tx"
	xmlns:jee="http://www.springframework.org/schema/jee"
	xsi:schemaLocation="http://www.springframework.org/schema/jee http://www.springframework.org/schema/jee/spring-jee-4.3.xsd
		http://www.springframework.org/schema/beans http://www.springframework.org/schema/beans/spring-beans.xsd
		http://www.springframework.org/schema/tx http://www.springframework.org/schema/tx/spring-tx-4.3.xsd">
  <!-- Server Managed DTx Service -->
  <jee:jndi-lookup id="dTxService" jndi-name="javax/transaction/UserTransaction"/>
    
  <!-- Server Managed DTx Manager  -->
  <jee:jndi-lookup id="dTxMgmr" jndi-name="javax/transaction/TransactionManager"/>
  
  
  <!-- Cfg Jta TransactionManager -->
  <bean id="jtaTxMgmr"  class="org.springframework.transaction.jta.WebLogicJtaTransactionManager">
      <property name="userTransaction"  ref="dTxService"/>
      <property name="transactionManager"  ref="dTxMgmr"/>
      <property name="defaultTimeout"  value="60"/>
  </bean>
  
  <tx:annotation-driven transaction-manager="jtaTxMgmr"/>

</beans>
