<?xml version="1.0" encoding="UTF-8"?>
<beans xmlns="http://www.springframework.org/schema/beans"
	xmlns:xsi="http://www.w3.org/2001/XMLSchema-instance"
	xmlns:context="http://www.springframework.org/schema/context"
	xmlns:jee="http://www.springframework.org/schema/jee"
	xsi:schemaLocation="http://www.springframework.org/schema/jee http://www.springframework.org/schema/jee/spring-jee-4.3.xsd
		http://www.springframework.org/schema/beans http://www.springframework.org/schema/beans/spring-beans.xsd
		http://www.springframework.org/schema/context http://www.springframework.org/schema/context/spring-context-4.3.xsd">
   <!-- Server Managed DataSource objs (XA) -->
   <jee:jndi-lookup id="oraXADs" jndi-name="oraXADsJndi"/>
   <jee:jndi-lookup id="mysqlXADs" jndi-name="mysqlXADsJndi"/>
   
    
	<!-- JdbcTemplate cfg for oracle -->
	<bean id="template1" class="org.springframework.jdbc.core.JdbcTemplate">
	   <constructor-arg  ref="oraXADs"/>
	</bean>
	
	<!-- JdbcTemplate cfg for mysql -->
	<bean id="template2" class="org.springframework.jdbc.core.JdbcTemplate">
	   <constructor-arg  ref="mysqlXADs"/>
	</bean>
	
	<context:component-scan base-package="com.nt.dao"/>
	
   

</beans>
