<?xml version="1.0" encoding="UTF-8"?>
<beans xmlns="http://www.springframework.org/schema/beans"
	xmlns:xsi="http://www.w3.org/2001/XMLSchema-instance"
	xsi:schemaLocation="http://www.springframework.org/schema/beans http://www.springframework.org/schema/beans/spring-beans-4.3.xsd">

<!-- Static Factory Method Bean Instantiation -->
<bean id="c1"   class="java.lang.Class"  factory-method="forName">
     <constructor-arg value="java.util.Date"/>
</bean>

<bean id="s1"  class="java.lang.String"   factory-method="valueOf">
    <constructor-arg  value="10"/>
</bean>

<bean id="cal"  class="java.util.Calendar"  factory-method="getInstance"/>

<bean id="props"  class="java.lang.System"  factory-method="getProperties"/>

<!-- Instance Factory method Bean Instantiation -->  
 <bean id="s2"  class="java.lang.String">
    <constructor-arg  value="hello"/>
 </bean>
 <bean id="s3"    factory-method="concat"  factory-bean="s2">
    <constructor-arg value="123"/>
 </bean>
 
 <bean id="sb"  class="java.lang.StringBuffer" >
    <constructor-arg  value="hello how are  u ?"/>
 </bean>
 <bean id="s4"  factory-bean="sb"  factory-method="substring">
     <constructor-arg value="0"/>
     <constructor-arg value="5"/>
 </bean>

</beans>
