<?xml version="1.0" encoding="UTF-8"?>
<classpath>
	<classpathentry kind="src" path="src"/>
	<classpathentry kind="con" path="org.eclipse.jdt.launching.JRE_CONTAINER/org.eclipse.jdt.internal.debug.ui.launcher.StandardVMType/jdk1.8.0_181">
		<attributes>
			<attribute name="owner.project.facets" value="java"/>
		</attributes>
	</classpathentry>
	<classpathentry kind="con" path="org.eclipse.jst.server.core.container/org.eclipse.jst.server.tomcat.runtimeTarget/Apache Tomcat v8.5">
		<attributes>
			<attribute name="owner.project.facets" value="jst.web"/>
		</attributes>
	</classpathentry>
	<classpathentry kind="con" path="org.eclipse.jst.j2ee.internal.web.container"/>
	<classpathentry kind="con" path="org.eclipse.jst.j2ee.internal.module.container"/>
	<classpathentry kind="lib" path="C:/Users/admin/Desktop/ojdbc6.jar">
		<attributes>
			<attribute name="org.eclipse.jst.component.dependency" value="/WEB-INF/lib"/>
		</attributes>
	</classpathentry>
	<classpathentry kind="lib" path="C:/Program Files/Apache Software Foundation/Tomcat 8.5/lib/servlet-api.jar">
		<attributes>
			<attribute name="org.eclipse.jst.component.dependency" value="/WEB-INF/lib"/>
		</attributes>
	</classpathentry>
	<classpathentry kind="output" path="build/classes"/>
</classpath>
