<?xml version="1.0" encoding="UTF-8"?>
<beans xmlns="http://www.springframework.org/schema/beans"
	xmlns:xsi="http://www.w3.org/2001/XMLSchema-instance"
	xsi:schemaLocation="http://www.springframework.org/schema/beans http://www.springframework.org/schema/beans/spring-beans-4.3.xsd">
   <!-- DataSource cfg.. -->
     <bean id="drds"  class="org.apache.commons.dbcp2.BasicDataSource">
         <property name="driverClassName"  value="oracle.jdbc.driver.OracleDriver"/>
         <property name="url"  value="jdbc:oracle:thin:@localhost:1521:xe"/>
         <property name="username"  value="system"/>
         <property name="password" value="manager"/>
     </bean>
     <!-- DAO class cfg -->
     <bean id="empDAO"  class="com.nt.dao.EmployeeDAOImpl">
         <constructor-arg   ref="drds"/>
     </bean>
     <!-- Service class cfg -->
      <bean id="empService"  class="com.nt.service.EmployeeServiceImpl">
         <constructor-arg  ref="empDAO"/>
         <constructor-arg value="forigen hero"/>
     </bean>

</beans>
