<?xml version="1.0" encoding="UTF-8"?>
<beans xmlns="http://www.springframework.org/schema/beans"
	xmlns:xsi="http://www.w3.org/2001/XMLSchema-instance"
	xsi:schemaLocation="http://www.springframework.org/schema/beans http://www.springframework.org/schema/beans/spring-beans-4.3.xsd">

<!-- Handler Mapping cfg -->
  <bean id="suhm"  class="org.springframework.web.servlet.handler.SimpleUrlHandlerMapping">
     <property name="mappings">
        <props>
            <prop key="welcome.htm">vhc</prop>
        </props>
     </property>
  </bean>
  <!-- Controller class cfg -->
  <bean id="vhc"  class="com.nt.controller.ViewHomeController"/>
  <!-- View Resolver Cfg -->
  <bean id="irvr"  class="org.springframework.web.servlet.view.InternalResourceViewResolver">
      <property name="prefix" value="/WEB-INF/pages/"/>
      <property name="suffix"  value=".jsp"/>
  </bean>
  
  

</beans>
