<?xml version="1.0" encoding="UTF-8"?>
<beans xmlns="http://www.springframework.org/schema/beans"
	xmlns:xsi="http://www.w3.org/2001/XMLSchema-instance"
	xmlns:aop="http://www.springframework.org/schema/aop"
	xmlns:tx="http://www.springframework.org/schema/tx"
	xsi:schemaLocation="http://www.springframework.org/schema/beans http://www.springframework.org/schema/beans/spring-beans.xsd
		http://www.springframework.org/schema/aop http://www.springframework.org/schema/aop/spring-aop-4.3.xsd
		http://www.springframework.org/schema/tx http://www.springframework.org/schema/tx/spring-tx-4.3.xsd">
    <!-- Cfg DataSource Transaction Manager -->
    <bean id="dsTxMgmr"   class="org.springframework.jdbc.datasource.DataSourceTransactionManager">
        <property name="dataSource"  ref="ds"/>
    </bean>
    <tx:advice id="txAdvice" transaction-manager="dsTxMgmr">
       <tx:attributes>
           <tx:method name="fetchAllProducts"  propagation="REQUIRED" read-only="true"/>
       </tx:attributes>
    </tx:advice>
    <aop:config>
        <aop:pointcut expression="execution(* com.nt.service.ProductMgmtService.fetchAllProducts(..)))" id="ptc"/>
        <aop:advisor advice-ref="txAdvice" pointcut-ref="ptc"/>
    </aop:config>
    

</beans>
