<?xml version="1.0" encoding="UTF-8"?>
<beans xmlns="http://www.springframework.org/schema/beans"
	xmlns:xsi="http://www.w3.org/2001/XMLSchema-instance"
	xmlns:context="http://www.springframework.org/schema/context"
	xsi:schemaLocation="http://www.springframework.org/schema/beans http://www.springframework.org/schema/beans/spring-beans-4.3.xsd
		http://www.springframework.org/schema/context http://www.springframework.org/schema/context/spring-context-4.3.xsd">
    <!-- Service class cfg -->
   <bean id="bankService"  class="com.nt.beans.BankService">
        <replaced-method  name="calcSimpleIntrAmount"  replacer="irr1">
              <arg-type>float</arg-type>
              <arg-type>float</arg-type>
       </replaced-method> 
   </bean>
   
   <context:component-scan base-package="com.nt.replacer,com.nt.beans"/>
   
   
</beans>
