 <beans xmlns="http://www.springframework.org/schema/beans"
    xmlns:xsi="http://www.w3.org/2001/XMLSchema-instance"
    xsi:schemaLocation="http://www.springframework.org/schema/beans
        http://www.springframework.org/schema/beans/spring-beans.xsd">
    <!-- Dependent Bean cfg -->
    <bean id="dt"  class="java.util.Date"/>
    <bean id="dt1"  class="java.util.Date">
         <property name="year" value="80"/>
         <property name="month" value="10"/>
         <!--         <property name="date"  value="15"/> -->
         <property name="date"><value>15</value></property>
    </bean>
    
    <!-- Target Bean cfg -->
    <bean id="wmg"  class="com.nt.beans.WishMessageGenerator">
        <!-- <property name="date"  ref="dt1"/> -->
        <property name="date"><ref bean="dt1"/></property>
        <constructor-arg name="date" ref="dt"/>
       
    </bean>
 
 </beans>