<?xml version="1.0" encoding="UTF-8"?>
<beans xmlns="http://www.springframework.org/schema/beans"
	xmlns:xsi="http://www.w3.org/2001/XMLSchema-instance"
	xsi:schemaLocation="http://www.springframework.org/schema/beans http://www.springframework.org/schema/beans/spring-beans-4.3.xsd">

   <bean id="unsrDAO"   class="com.nt.dao.UniversityDAOImpl"/>
   
   <bean id="stBO"  class="com.nt.bo.StudentBO" scope="prototype"/>
   <bean id="empBO"  class="com.nt.bo.EmployeeBO"  scope="prototype"/>
   
   <bean id="unsrService"  class="com.nt.service.UniversityMgmtService">
       <constructor-arg ref="unsrDAO"/>
       <lookup-method name="createStudentBO"  bean="stBO" />
       <lookup-method  name="createEmployeeBO"  bean="empBO"/>
   </bean>
   
   

</beans>
