<?xml version="1.0" encoding="UTF-8"?>
<beans xmlns="http://www.springframework.org/schema/beans"
	xmlns:xsi="http://www.w3.org/2001/XMLSchema-instance"
	xmlns:context="http://www.springframework.org/schema/context"
	xsi:schemaLocation="http://www.springframework.org/schema/beans http://www.springframework.org/schema/beans/spring-beans-4.3.xsd
		http://www.springframework.org/schema/context http://www.springframework.org/schema/context/spring-context-4.3.xsd">
     <!-- <bean id="cal"  class="java.util.Calendar"  factory-method="getInstance" >
       <qualifier value="c1"/>
     </bean>
     <bean id="cal1"  class="java.util.Calendar"  factory-method="getInstance" >
         <property name="firstDayOfWeek"  value="0"/>
         <qualifier value="c2"/>
     </bean> -->
     
      
     <bean id="wmg"  class="com.nt.beans.WishMessageGenerator"/>
     <context:annotation-config />
</beans>
