<?xml version="1.0" encoding="UTF-8"?>
<beans xmlns="http://www.springframework.org/schema/beans"
	xmlns:xsi="http://www.w3.org/2001/XMLSchema-instance"
	xmlns:context="http://www.springframework.org/schema/context"
	xsi:schemaLocation="http://www.springframework.org/schema/beans http://www.springframework.org/schema/beans/spring-beans-4.3.xsd
		http://www.springframework.org/schema/context http://www.springframework.org/schema/context/spring-context-4.3.xsd">
    <!-- Cfg HikariCP -->
    <bean id="hkCPDs"  class="com.zaxxer.hikari.HikariDataSource">
       <property name="driverClassName"  value="oracle.jdbc.driver.OracleDriver"/>
       <property name="jdbcUrl"  value="jdbc:oracle:thin:@localhost:1521:xe"/>
       <property name="username"  value="system"/>
       <property name="password" value="manager"/>
    </bean>
    <!-- LocalSessionFactoryBean -->
    <bean id="sesfact"  class="org.springframework.orm.hibernate5.LocalSessionFactoryBean">
         <property name="dataSource"  ref="hkCPDs"/>
         <property name="annotatedClasses">
             <array>
                <value>com.nt.entity.EmployeeHLO</value>
             </array>
         </property>
         <property name="hibernateProperties">
             <props>
                <prop key="hibernate.dialect">org.hibernate.dialect.Oracle10gDialect</prop>
                <prop key="hibernate.show_sql">true</prop>
                <prop key="hibernate.format_sql">true</prop>
                <prop key="hibernate.hbm2ddl.auto">update</prop>
             </props>
         </property>
    </bean>
    
    <!-- HibernateTemplate -->
    <bean id="template"  class="org.springframework.orm.hibernate5.HibernateTemplate">
      <constructor-arg  ref="sesfact"/>
    </bean>
    
    <context:component-scan base-package="com.nt.dao"/>

</beans>
